{
  "ranAt": "2026-07-21T00:28:37.284Z",
  "node": "v22.19.0",
  "levels": [
    {
      "rooms": 1,
      "players": 5,
      "join": {
        "n": 5,
        "mean": 2.231999999999971,
        "p50": 1.3998999999998887,
        "p95": 4.982299999999896,
        "p99": 4.982299999999896,
        "max": 4.982299999999896
      },
      "saturated": {
        "n": 100,
        "mean": 0.7568080000000055,
        "p50": 0.5119000000001961,
        "p95": 1.8663000000001375,
        "p99": 2.6294000000000324,
        "max": 2.6294000000000324
      },
      "isolated": {
        "n": 60,
        "mean": 2.210600000000007,
        "p50": 2.1340000000000146,
        "p95": 3.1193999999995867,
        "p99": 3.726599999999962,
        "max": 3.726599999999962
      }
    },
    {
      "rooms": 10,
      "players": 50,
      "join": {
        "n": 50,
        "mean": 7.310737999999837,
        "p50": 6.298600000000079,
        "p95": 15.013499999999112,
        "p99": 15.95470000000023,
        "max": 15.95470000000023
      },
      "saturated": {
        "n": 1000,
        "mean": 8.817767299999964,
        "p50": 8.71100000000115,
        "p95": 13.701499999999214,
        "p99": 15.619899999999689,
        "max": 16.02260000000024
      },
      "isolated": {
        "n": 60,
        "mean": 2.189096666666622,
        "p50": 2.0133999999998196,
        "p95": 3.7858999999989464,
        "p99": 5.1335999999992055,
        "max": 5.1335999999992055
      }
    },
    {
      "rooms": 25,
      "players": 125,
      "join": {
        "n": 125,
        "mean": 15.038811200000113,
        "p50": 13.220900000000256,
        "p95": 30.757700000001932,
        "p99": 34.92639999999665,
        "max": 37.12159999999858
      },
      "saturated": {
        "n": 2500,
        "mean": 16.344046880000008,
        "p50": 14.92790000000241,
        "p95": 30.49109999999928,
        "p99": 32.03859999999986,
        "max": 34.46899999999732
      },
      "isolated": {
        "n": 60,
        "mean": 1.7248883333333045,
        "p50": 1.4445999999988999,
        "p95": 4.294799999999668,
        "p99": 6.785899999998946,
        "max": 6.785899999998946
      }
    },
    {
      "rooms": 50,
      "players": 250,
      "join": {
        "n": 250,
        "mean": 25.554930399999968,
        "p50": 22.254299999996874,
        "p95": 48.44460000000254,
        "p99": 60.26840000000084,
        "max": 61.29829999999856
      },
      "saturated": {
        "n": 5000,
        "mean": 20.761534800000042,
        "p50": 20.703999999997905,
        "p95": 26.316100000000006,
        "p99": 28.150100000002567,
        "max": 28.53219999999783
      },
      "isolated": {
        "n": 60,
        "mean": 1.8006850000001577,
        "p50": 1.4497000000010303,
        "p95": 3.4861999999993714,
        "p99": 9.47309999999925,
        "max": 9.47309999999925
      }
    }
  ]
}